data,ativo,preco
2025-07-30,Tesouro Selic,100.07
2025-07-30,CDB Liquidez Diária,100.07
2025-07-30,LCI/LCA,100.09
2025-07-30,Fundo Multimercado,100.65
2025-07-30,Fundo de Ações,101.02
2025-07-30,ETF BOVA11,100.94
2025-07-30,Ação PETR4,103.03
2025-07-30,Ação VALE3,102.32
2025-07-31,Tesouro Selic,100.09
2025-07-31,CDB Liquidez Diária,100.1
2025-07-31,LCI/LCA,100.09
2025-07-31,Fundo Multimercado,100.49
2025-07-31,Fundo de Ações,100.96
2025-07-31,ETF BOVA11,99.57
2025-07-31,Ação PETR4,99.33
2025-07-31,Ação VALE3,99.71
2025-08-01,Tesouro Selic,100.06
2025-08-01,CDB Liquidez Diária,100.09
2025-08-01,LCI/LCA,100.05
2025-08-01,Fundo Multimercado,99.93
2025-08-01,Fundo de Ações,101.52
2025-08-01,ETF BOVA11,99.43
2025-08-01,Ação PETR4,99.32
2025-08-01,Ação VALE3,97.99
2025-08-04,Tesouro Selic,100.07
2025-08-04,CDB Liquidez Diária,100.1
2025-08-04,LCI/LCA,100.02
2025-08-04,Fundo Multimercado,100.06
2025-08-04,Fundo de Ações,101.13
2025-08-04,ETF BOVA11,99.07
2025-08-04,Ação PETR4,98.21
2025-08-04,Ação VALE3,99.65
2025-08-05,Tesouro Selic,100.11
2025-08-05,CDB Liquidez Diária,100.1
2025-08-05,LCI/LCA,100.08
2025-08-05,Fundo Multimercado,99.63
2025-08-05,Fundo de Ações,100.46
2025-08-05,ETF BOVA11,97.11
2025-08-05,Ação PETR4,94.46
2025-08-05,Ação VALE3,97.57
2025-08-06,Tesouro Selic,100.2
2025-08-06,CDB Liquidez Diária,100.2
2025-08-06,LCI/LCA,100.15
2025-08-06,Fundo Multimercado,99.66
2025-08-06,Fundo de Ações,98.64
2025-08-06,ETF BOVA11,95.44
2025-08-06,Ação PETR4,92.06
2025-08-06,Ação VALE3,96.97
2025-08-07,Tesouro Selic,100.26
2025-08-07,CDB Liquidez Diária,100.2
2025-08-07,LCI/LCA,100.21
2025-08-07,Fundo Multimercado,99.56
2025-08-07,Fundo de Ações,97.63
2025-08-07,ETF BOVA11,95.07
2025-08-07,Ação PETR4,92.8
2025-08-07,Ação VALE3,98.03
2025-08-08,Tesouro Selic,100.25
2025-08-08,CDB Liquidez Diária,100.17
2025-08-08,LCI/LCA,100.22
2025-08-08,Fundo Multimercado,99.85
2025-08-08,Fundo de Ações,97.84
2025-08-08,ETF BOVA11,95.32
2025-08-08,Ação PETR4,91.83
2025-08-08,Ação VALE3,96.48
2025-08-11,Tesouro Selic,100.34
2025-08-11,CDB Liquidez Diária,100.32
2025-08-11,LCI/LCA,100.3
2025-08-11,Fundo Multimercado,100.39
2025-08-11,Fundo de Ações,99.15
2025-08-11,ETF BOVA11,96.06
2025-08-11,Ação PETR4,93.05
2025-08-11,Ação VALE3,99.09
2025-08-12,Tesouro Selic,100.38
2025-08-12,CDB Liquidez Diária,100.42
2025-08-12,LCI/LCA,100.26
2025-08-12,Fundo Multimercado,100.79
2025-08-12,Fundo de Ações,99.92
2025-08-12,ETF BOVA11,96.58
2025-08-12,Ação PETR4,93.76
2025-08-12,Ação VALE3,97.25
2025-08-13,Tesouro Selic,100.41
2025-08-13,CDB Liquidez Diária,100.47
2025-08-13,LCI/LCA,100.35
2025-08-13,Fundo Multimercado,100.64
2025-08-13,Fundo de Ações,98.67
2025-08-13,ETF BOVA11,95.35
2025-08-13,Ação PETR4,93.48
2025-08-13,Ação VALE3,96.71
2025-08-14,Tesouro Selic,100.42
2025-08-14,CDB Liquidez Diária,100.49
2025-08-14,LCI/LCA,100.37
2025-08-14,Fundo Multimercado,100.99
2025-08-14,Fundo de Ações,98.66
2025-08-14,ETF BOVA11,95.38
2025-08-14,Ação PETR4,93.07
2025-08-14,Ação VALE3,94.86
2025-08-15,Tesouro Selic,100.48
2025-08-15,CDB Liquidez Diária,100.57
2025-08-15,LCI/LCA,100.42
2025-08-15,Fundo Multimercado,101.0
2025-08-15,Fundo de Ações,96.96
2025-08-15,ETF BOVA11,93.99
2025-08-15,Ação PETR4,91.12
2025-08-15,Ação VALE3,92.43
2025-08-18,Tesouro Selic,100.51
2025-08-18,CDB Liquidez Diária,100.62
2025-08-18,LCI/LCA,100.53
2025-08-18,Fundo Multimercado,101.11
2025-08-18,Fundo de Ações,97.47
2025-08-18,ETF BOVA11,94.33
2025-08-18,Ação PETR4,89.3
2025-08-18,Ação VALE3,92.13
2025-08-19,Tesouro Selic,100.56
2025-08-19,CDB Liquidez Diária,100.76
2025-08-19,LCI/LCA,100.58
2025-08-19,Fundo Multimercado,101.35
2025-08-19,Fundo de Ações,97.77
2025-08-19,ETF BOVA11,93.92
2025-08-19,Ação PETR4,90.16
2025-08-19,Ação VALE3,92.91
2025-08-20,Tesouro Selic,100.65
2025-08-20,CDB Liquidez Diária,100.82
2025-08-20,LCI/LCA,100.71
2025-08-20,Fundo Multimercado,100.95
2025-08-20,Fundo de Ações,97.48
2025-08-20,ETF BOVA11,94.71
2025-08-20,Ação PETR4,89.81
2025-08-20,Ação VALE3,92.77
2025-08-21,Tesouro Selic,100.7
2025-08-21,CDB Liquidez Diária,100.85
2025-08-21,LCI/LCA,100.69
2025-08-21,Fundo Multimercado,101.03
2025-08-21,Fundo de Ações,96.37
2025-08-21,ETF BOVA11,94.29
2025-08-21,Ação PETR4,88.3
2025-08-21,Ação VALE3,93.81
2025-08-22,Tesouro Selic,100.69
2025-08-22,CDB Liquidez Diária,100.83
2025-08-22,LCI/LCA,100.72
2025-08-22,Fundo Multimercado,100.53
2025-08-22,Fundo de Ações,95.71
2025-08-22,ETF BOVA11,94.34
2025-08-22,Ação PETR4,86.55
2025-08-22,Ação VALE3,93.63
2025-08-25,Tesouro Selic,100.75
2025-08-25,CDB Liquidez Diária,100.92
2025-08-25,LCI/LCA,100.73
2025-08-25,Fundo Multimercado,100.16
2025-08-25,Fundo de Ações,95.36
2025-08-25,ETF BOVA11,93.98
2025-08-25,Ação PETR4,86.44
2025-08-25,Ação VALE3,93.8
2025-08-26,Tesouro Selic,100.75
2025-08-26,CDB Liquidez Diária,100.93
2025-08-26,LCI/LCA,100.75
2025-08-26,Fundo Multimercado,99.88
2025-08-26,Fundo de Ações,96.89
2025-08-26,ETF BOVA11,95.1
2025-08-26,Ação PETR4,86.34
2025-08-26,Ação VALE3,95.36
2025-08-27,Tesouro Selic,100.73
2025-08-27,CDB Liquidez Diária,100.94
2025-08-27,LCI/LCA,100.79
2025-08-27,Fundo Multimercado,99.55
2025-08-27,Fundo de Ações,97.37
2025-08-27,ETF BOVA11,95.46
2025-08-27,Ação PETR4,87.61
2025-08-27,Ação VALE3,98.25
2025-08-28,Tesouro Selic,100.75
2025-08-28,CDB Liquidez Diária,100.93
2025-08-28,LCI/LCA,100.78
2025-08-28,Fundo Multimercado,99.26
2025-08-28,Fundo de Ações,96.67
2025-08-28,ETF BOVA11,95.01
2025-08-28,Ação PETR4,87.45
2025-08-28,Ação VALE3,98.91
2025-08-29,Tesouro Selic,100.8
2025-08-29,CDB Liquidez Diária,101.04
2025-08-29,LCI/LCA,100.82
2025-08-29,Fundo Multimercado,100.32
2025-08-29,Fundo de Ações,99.5
2025-08-29,ETF BOVA11,97.02
2025-08-29,Ação PETR4,88.42
2025-08-29,Ação VALE3,101.13
2025-09-01,Tesouro Selic,100.83
2025-09-01,CDB Liquidez Diária,101.09
2025-09-01,LCI/LCA,100.88
2025-09-01,Fundo Multimercado,100.34
2025-09-01,Fundo de Ações,98.54
2025-09-01,ETF BOVA11,95.47
2025-09-01,Ação PETR4,86.36
2025-09-01,Ação VALE3,100.42
2025-09-02,Tesouro Selic,100.88
2025-09-02,CDB Liquidez Diária,101.1
2025-09-02,LCI/LCA,100.92
2025-09-02,Fundo Multimercado,100.52
2025-09-02,Fundo de Ações,97.89
2025-09-02,ETF BOVA11,95.24
2025-09-02,Ação PETR4,86.18
2025-09-02,Ação VALE3,98.78
2025-09-03,Tesouro Selic,100.95
2025-09-03,CDB Liquidez Diária,101.19
2025-09-03,LCI/LCA,101.03
2025-09-03,Fundo Multimercado,101.0
2025-09-03,Fundo de Ações,97.27
2025-09-03,ETF BOVA11,94.54
2025-09-03,Ação PETR4,86.01
2025-09-03,Ação VALE3,98.76
2025-09-04,Tesouro Selic,101.02
2025-09-04,CDB Liquidez Diária,101.42
2025-09-04,LCI/LCA,101.15
2025-09-04,Fundo Multimercado,101.65
2025-09-04,Fundo de Ações,99.37
2025-09-04,ETF BOVA11,96.6
2025-09-04,Ação PETR4,87.74
2025-09-04,Ação VALE3,101.64
2025-09-05,Tesouro Selic,101.01
2025-09-05,CDB Liquidez Diária,101.4
2025-09-05,LCI/LCA,101.13
2025-09-05,Fundo Multimercado,101.63
2025-09-05,Fundo de Ações,102.05
2025-09-05,ETF BOVA11,97.23
2025-09-05,Ação PETR4,89.28
2025-09-05,Ação VALE3,100.63
2025-09-08,Tesouro Selic,101.03
2025-09-08,CDB Liquidez Diária,101.46
2025-09-08,LCI/LCA,101.15
2025-09-08,Fundo Multimercado,101.27
2025-09-08,Fundo de Ações,100.41
2025-09-08,ETF BOVA11,96.34
2025-09-08,Ação PETR4,87.5
2025-09-08,Ação VALE3,99.76
2025-09-09,Tesouro Selic,101.07
2025-09-09,CDB Liquidez Diária,101.48
2025-09-09,LCI/LCA,101.27
2025-09-09,Fundo Multimercado,101.54
2025-09-09,Fundo de Ações,98.67
2025-09-09,ETF BOVA11,95.5
2025-09-09,Ação PETR4,85.87
2025-09-09,Ação VALE3,99.64
2025-09-10,Tesouro Selic,101.06
2025-09-10,CDB Liquidez Diária,101.47
2025-09-10,LCI/LCA,101.29
2025-09-10,Fundo Multimercado,101.81
2025-09-10,Fundo de Ações,97.99
2025-09-10,ETF BOVA11,95.07
2025-09-10,Ação PETR4,84.94
2025-09-10,Ação VALE3,98.21
2025-09-11,Tesouro Selic,101.22
2025-09-11,CDB Liquidez Diária,101.64
2025-09-11,LCI/LCA,101.38
2025-09-11,Fundo Multimercado,102.41
2025-09-11,Fundo de Ações,101.24
2025-09-11,ETF BOVA11,98.04
2025-09-11,Ação PETR4,86.29
2025-09-11,Ação VALE3,100.15
2025-09-12,Tesouro Selic,101.34
2025-09-12,CDB Liquidez Diária,101.74
2025-09-12,LCI/LCA,101.49
2025-09-12,Fundo Multimercado,102.87
2025-09-12,Fundo de Ações,100.92
2025-09-12,ETF BOVA11,98.02
2025-09-12,Ação PETR4,82.73
2025-09-12,Ação VALE3,97.72
2025-09-15,Tesouro Selic,101.37
2025-09-15,CDB Liquidez Diária,101.71
2025-09-15,LCI/LCA,101.57
2025-09-15,Fundo Multimercado,102.32
2025-09-15,Fundo de Ações,99.33
2025-09-15,ETF BOVA11,96.72
2025-09-15,Ação PETR4,82.97
2025-09-15,Ação VALE3,95.25
2025-09-16,Tesouro Selic,101.48
2025-09-16,CDB Liquidez Diária,101.83
2025-09-16,LCI/LCA,101.63
2025-09-16,Fundo Multimercado,102.68
2025-09-16,Fundo de Ações,100.04
2025-09-16,ETF BOVA11,96.95
2025-09-16,Ação PETR4,83.27
2025-09-16,Ação VALE3,95.03
2025-09-17,Tesouro Selic,101.53
2025-09-17,CDB Liquidez Diária,101.91
2025-09-17,LCI/LCA,101.74
2025-09-17,Fundo Multimercado,102.3
2025-09-17,Fundo de Ações,101.63
2025-09-17,ETF BOVA11,96.5
2025-09-17,Ação PETR4,82.75
2025-09-17,Ação VALE3,95.32
2025-09-18,Tesouro Selic,101.59
2025-09-18,CDB Liquidez Diária,101.95
2025-09-18,LCI/LCA,101.79
2025-09-18,Fundo Multimercado,102.19
2025-09-18,Fundo de Ações,100.62
2025-09-18,ETF BOVA11,96.26
2025-09-18,Ação PETR4,82.85
2025-09-18,Ação VALE3,94.39
2025-09-19,Tesouro Selic,101.69
2025-09-19,CDB Liquidez Diária,102.06
2025-09-19,LCI/LCA,101.9
2025-09-19,Fundo Multimercado,102.58
2025-09-19,Fundo de Ações,100.3
2025-09-19,ETF BOVA11,95.9
2025-09-19,Ação PETR4,83.25
2025-09-19,Ação VALE3,94.91
2025-09-22,Tesouro Selic,101.73
2025-09-22,CDB Liquidez Diária,102.11
2025-09-22,LCI/LCA,101.99
2025-09-22,Fundo Multimercado,102.41
2025-09-22,Fundo de Ações,100.55
2025-09-22,ETF BOVA11,95.81
2025-09-22,Ação PETR4,82.93
2025-09-22,Ação VALE3,96.05
2025-09-23,Tesouro Selic,101.83
2025-09-23,CDB Liquidez Diária,102.24
2025-09-23,LCI/LCA,102.13
2025-09-23,Fundo Multimercado,102.6
2025-09-23,Fundo de Ações,101.51
2025-09-23,ETF BOVA11,96.27
2025-09-23,Ação PETR4,83.7
2025-09-23,Ação VALE3,96.44
2025-09-24,Tesouro Selic,101.88
2025-09-24,CDB Liquidez Diária,102.31
2025-09-24,LCI/LCA,102.15
2025-09-24,Fundo Multimercado,103.45
2025-09-24,Fundo de Ações,102.06
2025-09-24,ETF BOVA11,96.4
2025-09-24,Ação PETR4,85.08
2025-09-24,Ação VALE3,97.78
2025-09-25,Tesouro Selic,101.96
2025-09-25,CDB Liquidez Diária,102.42
2025-09-25,LCI/LCA,102.23
2025-09-25,Fundo Multimercado,103.26
2025-09-25,Fundo de Ações,101.55
2025-09-25,ETF BOVA11,95.47
2025-09-25,Ação PETR4,85.19
2025-09-25,Ação VALE3,97.01
2025-09-26,Tesouro Selic,101.95
2025-09-26,CDB Liquidez Diária,102.4
2025-09-26,LCI/LCA,102.24
2025-09-26,Fundo Multimercado,103.0
2025-09-26,Fundo de Ações,100.15
2025-09-26,ETF BOVA11,94.59
2025-09-26,Ação PETR4,84.57
2025-09-26,Ação VALE3,95.64
2025-09-29,Tesouro Selic,101.96
2025-09-29,CDB Liquidez Diária,102.42
2025-09-29,LCI/LCA,102.2
2025-09-29,Fundo Multimercado,102.48
2025-09-29,Fundo de Ações,98.24
2025-09-29,ETF BOVA11,92.91
2025-09-29,Ação PETR4,83.21
2025-09-29,Ação VALE3,95.83
2025-09-30,Tesouro Selic,102.06
2025-09-30,CDB Liquidez Diária,102.51
2025-09-30,LCI/LCA,102.29
2025-09-30,Fundo Multimercado,102.26
2025-09-30,Fundo de Ações,97.56
2025-09-30,ETF BOVA11,92.1
2025-09-30,Ação PETR4,82.7
2025-09-30,Ação VALE3,94.16
2025-10-01,Tesouro Selic,102.13
2025-10-01,CDB Liquidez Diária,102.66
2025-10-01,LCI/LCA,102.36
2025-10-01,Fundo Multimercado,102.57
2025-10-01,Fundo de Ações,98.76
2025-10-01,ETF BOVA11,92.74
2025-10-01,Ação PETR4,83.58
2025-10-01,Ação VALE3,94.87
2025-10-02,Tesouro Selic,102.18
2025-10-02,CDB Liquidez Diária,102.67
2025-10-02,LCI/LCA,102.4
2025-10-02,Fundo Multimercado,102.79
2025-10-02,Fundo de Ações,100.83
2025-10-02,ETF BOVA11,94.73
2025-10-02,Ação PETR4,87.85
2025-10-02,Ação VALE3,96.7
2025-10-03,Tesouro Selic,102.28
2025-10-03,CDB Liquidez Diária,102.78
2025-10-03,LCI/LCA,102.57
2025-10-03,Fundo Multimercado,102.64
2025-10-03,Fundo de Ações,99.4
2025-10-03,ETF BOVA11,93.3
2025-10-03,Ação PETR4,83.99
2025-10-03,Ação VALE3,93.94
2025-10-06,Tesouro Selic,102.28
2025-10-06,CDB Liquidez Diária,102.78
2025-10-06,LCI/LCA,102.59
2025-10-06,Fundo Multimercado,103.3
2025-10-06,Fundo de Ações,101.94
2025-10-06,ETF BOVA11,95.01
2025-10-06,Ação PETR4,84.85
2025-10-06,Ação VALE3,95.9
2025-10-07,Tesouro Selic,102.23
2025-10-07,CDB Liquidez Diária,102.81
2025-10-07,LCI/LCA,102.62
2025-10-07,Fundo Multimercado,103.08
2025-10-07,Fundo de Ações,99.6
2025-10-07,ETF BOVA11,94.24
2025-10-07,Ação PETR4,83.89
2025-10-07,Ação VALE3,96.52
2025-10-08,Tesouro Selic,102.17
2025-10-08,CDB Liquidez Diária,102.73
2025-10-08,LCI/LCA,102.57
2025-10-08,Fundo Multimercado,102.95
2025-10-08,Fundo de Ações,99.06
2025-10-08,ETF BOVA11,94.26
2025-10-08,Ação PETR4,82.81
2025-10-08,Ação VALE3,96.07
2025-10-09,Tesouro Selic,102.22
2025-10-09,CDB Liquidez Diária,102.8
2025-10-09,LCI/LCA,102.65
2025-10-09,Fundo Multimercado,102.61
2025-10-09,Fundo de Ações,96.55
2025-10-09,ETF BOVA11,93.16
2025-10-09,Ação PETR4,81.98
2025-10-09,Ação VALE3,94.18
2025-10-10,Tesouro Selic,102.37
2025-10-10,CDB Liquidez Diária,102.95
2025-10-10,LCI/LCA,102.82
2025-10-10,Fundo Multimercado,102.87
2025-10-10,Fundo de Ações,99.06
2025-10-10,ETF BOVA11,95.87
2025-10-10,Ação PETR4,84.34
2025-10-10,Ação VALE3,97.91
2025-10-13,Tesouro Selic,102.45
2025-10-13,CDB Liquidez Diária,103.09
2025-10-13,LCI/LCA,102.87
2025-10-13,Fundo Multimercado,103.3
2025-10-13,Fundo de Ações,100.9
2025-10-13,ETF BOVA11,96.19
2025-10-13,Ação PETR4,83.47
2025-10-13,Ação VALE3,95.42
2025-10-14,Tesouro Selic,102.48
2025-10-14,CDB Liquidez Diária,103.15
2025-10-14,LCI/LCA,102.96
2025-10-14,Fundo Multimercado,103.37
2025-10-14,Fundo de Ações,102.92
2025-10-14,ETF BOVA11,96.67
2025-10-14,Ação PETR4,82.24
2025-10-14,Ação VALE3,95.33
2025-10-15,Tesouro Selic,102.54
2025-10-15,CDB Liquidez Diária,103.22
2025-10-15,LCI/LCA,102.94
2025-10-15,Fundo Multimercado,103.43
2025-10-15,Fundo de Ações,101.36
2025-10-15,ETF BOVA11,96.08
2025-10-15,Ação PETR4,82.01
2025-10-15,Ação VALE3,93.76
2025-10-16,Tesouro Selic,102.55
2025-10-16,CDB Liquidez Diária,103.18
2025-10-16,LCI/LCA,102.94
2025-10-16,Fundo Multimercado,103.74
2025-10-16,Fundo de Ações,100.98
2025-10-16,ETF BOVA11,96.37
2025-10-16,Ação PETR4,81.74
2025-10-16,Ação VALE3,92.93
2025-10-17,Tesouro Selic,102.59
2025-10-17,CDB Liquidez Diária,103.18
2025-10-17,LCI/LCA,102.95
2025-10-17,Fundo Multimercado,103.3
2025-10-17,Fundo de Ações,102.32
2025-10-17,ETF BOVA11,96.96
2025-10-17,Ação PETR4,81.63
2025-10-17,Ação VALE3,93.62
2025-10-20,Tesouro Selic,102.62
2025-10-20,CDB Liquidez Diária,103.2
2025-10-20,LCI/LCA,103.01
2025-10-20,Fundo Multimercado,103.61
2025-10-20,Fundo de Ações,102.37
2025-10-20,ETF BOVA11,96.82
2025-10-20,Ação PETR4,81.24
2025-10-20,Ação VALE3,90.77
2025-10-21,Tesouro Selic,102.57
2025-10-21,CDB Liquidez Diária,103.2
2025-10-21,LCI/LCA,103.04
2025-10-21,Fundo Multimercado,103.44
2025-10-21,Fundo de Ações,102.86
2025-10-21,ETF BOVA11,97.26
2025-10-21,Ação PETR4,84.79
2025-10-21,Ação VALE3,93.37
2025-10-22,Tesouro Selic,102.6
2025-10-22,CDB Liquidez Diária,103.2
2025-10-22,LCI/LCA,103.01
2025-10-22,Fundo Multimercado,103.52
2025-10-22,Fundo de Ações,102.13
2025-10-22,ETF BOVA11,95.97
2025-10-22,Ação PETR4,82.91
2025-10-22,Ação VALE3,90.73
2025-10-23,Tesouro Selic,102.76
2025-10-23,CDB Liquidez Diária,103.39
2025-10-23,LCI/LCA,103.14
2025-10-23,Fundo Multimercado,104.35
2025-10-23,Fundo de Ações,103.6
2025-10-23,ETF BOVA11,96.77
2025-10-23,Ação PETR4,85.25
2025-10-23,Ação VALE3,92.45
2025-10-24,Tesouro Selic,102.73
2025-10-24,CDB Liquidez Diária,103.36
2025-10-24,LCI/LCA,103.09
2025-10-24,Fundo Multimercado,103.75
2025-10-24,Fundo de Ações,103.54
2025-10-24,ETF BOVA11,97.55
2025-10-24,Ação PETR4,84.52
2025-10-24,Ação VALE3,93.48
2025-10-27,Tesouro Selic,102.73
2025-10-27,CDB Liquidez Diária,103.34
2025-10-27,LCI/LCA,103.08
2025-10-27,Fundo Multimercado,103.39
2025-10-27,Fundo de Ações,102.9
2025-10-27,ETF BOVA11,96.41
2025-10-27,Ação PETR4,83.74
2025-10-27,Ação VALE3,92.49
2025-10-28,Tesouro Selic,102.76
2025-10-28,CDB Liquidez Diária,103.33
2025-10-28,LCI/LCA,103.07
2025-10-28,Fundo Multimercado,103.66
2025-10-28,Fundo de Ações,104.11
2025-10-28,ETF BOVA11,96.76
2025-10-28,Ação PETR4,84.25
2025-10-28,Ação VALE3,93.71
2025-10-29,Tesouro Selic,102.69
2025-10-29,CDB Liquidez Diária,103.29
2025-10-29,LCI/LCA,103.01
2025-10-29,Fundo Multimercado,103.75
2025-10-29,Fundo de Ações,103.6
2025-10-29,ETF BOVA11,95.46
2025-10-29,Ação PETR4,81.37
2025-10-29,Ação VALE3,92.04
2025-10-30,Tesouro Selic,102.75
2025-10-30,CDB Liquidez Diária,103.31
2025-10-30,LCI/LCA,103.08
2025-10-30,Fundo Multimercado,103.18
2025-10-30,Fundo de Ações,102.26
2025-10-30,ETF BOVA11,93.51
2025-10-30,Ação PETR4,78.85
2025-10-30,Ação VALE3,90.09
2025-10-31,Tesouro Selic,102.74
2025-10-31,CDB Liquidez Diária,103.28
2025-10-31,LCI/LCA,103.11
2025-10-31,Fundo Multimercado,102.91
2025-10-31,Fundo de Ações,102.79
2025-10-31,ETF BOVA11,93.03
2025-10-31,Ação PETR4,78.98
2025-10-31,Ação VALE3,91.43
2025-11-03,Tesouro Selic,102.62
2025-11-03,CDB Liquidez Diária,103.13
2025-11-03,LCI/LCA,103.04
2025-11-03,Fundo Multimercado,102.57
2025-11-03,Fundo de Ações,102.94
2025-11-03,ETF BOVA11,92.69
2025-11-03,Ação PETR4,78.84
2025-11-03,Ação VALE3,91.04
2025-11-04,Tesouro Selic,102.74
2025-11-04,CDB Liquidez Diária,103.26
2025-11-04,LCI/LCA,103.15
2025-11-04,Fundo Multimercado,102.61
2025-11-04,Fundo de Ações,102.19
2025-11-04,ETF BOVA11,91.92
2025-11-04,Ação PETR4,78.45
2025-11-04,Ação VALE3,89.92
2025-11-05,Tesouro Selic,102.8
2025-11-05,CDB Liquidez Diária,103.41
2025-11-05,LCI/LCA,103.26
2025-11-05,Fundo Multimercado,102.64
2025-11-05,Fundo de Ações,103.48
2025-11-05,ETF BOVA11,92.41
2025-11-05,Ação PETR4,76.93
2025-11-05,Ação VALE3,88.7
2025-11-06,Tesouro Selic,102.72
2025-11-06,CDB Liquidez Diária,103.31
2025-11-06,LCI/LCA,103.2
2025-11-06,Fundo Multimercado,103.08
2025-11-06,Fundo de Ações,105.14
2025-11-06,ETF BOVA11,93.64
2025-11-06,Ação PETR4,78.96
2025-11-06,Ação VALE3,87.74
2025-11-07,Tesouro Selic,102.78
2025-11-07,CDB Liquidez Diária,103.4
2025-11-07,LCI/LCA,103.21
2025-11-07,Fundo Multimercado,103.61
2025-11-07,Fundo de Ações,106.55
2025-11-07,ETF BOVA11,94.52
2025-11-07,Ação PETR4,80.44
2025-11-07,Ação VALE3,91.13
2025-11-10,Tesouro Selic,102.84
2025-11-10,CDB Liquidez Diária,103.47
2025-11-10,LCI/LCA,103.24
2025-11-10,Fundo Multimercado,103.38
2025-11-10,Fundo de Ações,106.93
2025-11-10,ETF BOVA11,94.04
2025-11-10,Ação PETR4,80.08
2025-11-10,Ação VALE3,90.22
2025-11-11,Tesouro Selic,102.91
2025-11-11,CDB Liquidez Diária,103.56
2025-11-11,LCI/LCA,103.35
2025-11-11,Fundo Multimercado,103.3
2025-11-11,Fundo de Ações,106.3
2025-11-11,ETF BOVA11,92.99
2025-11-11,Ação PETR4,78.63
2025-11-11,Ação VALE3,89.5
2025-11-12,Tesouro Selic,103.0
2025-11-12,CDB Liquidez Diária,103.62
2025-11-12,LCI/LCA,103.45
2025-11-12,Fundo Multimercado,103.91
2025-11-12,Fundo de Ações,108.04
2025-11-12,ETF BOVA11,95.44
2025-11-12,Ação PETR4,80.16
2025-11-12,Ação VALE3,90.2
2025-11-13,Tesouro Selic,102.93
2025-11-13,CDB Liquidez Diária,103.6
2025-11-13,LCI/LCA,103.44
2025-11-13,Fundo Multimercado,103.79
2025-11-13,Fundo de Ações,108.32
2025-11-13,ETF BOVA11,94.91
2025-11-13,Ação PETR4,82.17
2025-11-13,Ação VALE3,90.62
2025-11-14,Tesouro Selic,102.98
2025-11-14,CDB Liquidez Diária,103.68
2025-11-14,LCI/LCA,103.51
2025-11-14,Fundo Multimercado,103.96
2025-11-14,Fundo de Ações,107.62
2025-11-14,ETF BOVA11,94.85
2025-11-14,Ação PETR4,84.01
2025-11-14,Ação VALE3,92.58
2025-11-17,Tesouro Selic,103.13
2025-11-17,CDB Liquidez Diária,103.81
2025-11-17,LCI/LCA,103.59
2025-11-17,Fundo Multimercado,104.13
2025-11-17,Fundo de Ações,107.74
2025-11-17,ETF BOVA11,95.57
2025-11-17,Ação PETR4,82.88
2025-11-17,Ação VALE3,94.44
2025-11-18,Tesouro Selic,103.16
2025-11-18,CDB Liquidez Diária,103.83
2025-11-18,LCI/LCA,103.58
2025-11-18,Fundo Multimercado,103.53
2025-11-18,Fundo de Ações,107.39
2025-11-18,ETF BOVA11,95.0
2025-11-18,Ação PETR4,81.01
2025-11-18,Ação VALE3,92.09
2025-11-19,Tesouro Selic,103.18
2025-11-19,CDB Liquidez Diária,103.92
2025-11-19,LCI/LCA,103.61
2025-11-19,Fundo Multimercado,103.04
2025-11-19,Fundo de Ações,105.9
2025-11-19,ETF BOVA11,93.6
2025-11-19,Ação PETR4,76.93
2025-11-19,Ação VALE3,89.91
2025-11-20,Tesouro Selic,103.21
2025-11-20,CDB Liquidez Diária,103.98
2025-11-20,LCI/LCA,103.72
2025-11-20,Fundo Multimercado,103.51
2025-11-20,Fundo de Ações,106.6
2025-11-20,ETF BOVA11,93.65
2025-11-20,Ação PETR4,79.47
2025-11-20,Ação VALE3,90.75
2025-11-21,Tesouro Selic,103.25
2025-11-21,CDB Liquidez Diária,104.02
2025-11-21,LCI/LCA,103.77
2025-11-21,Fundo Multimercado,103.5
2025-11-21,Fundo de Ações,105.85
2025-11-21,ETF BOVA11,92.86
2025-11-21,Ação PETR4,78.69
2025-11-21,Ação VALE3,89.38
2025-11-24,Tesouro Selic,103.25
2025-11-24,CDB Liquidez Diária,104.02
2025-11-24,LCI/LCA,103.76
2025-11-24,Fundo Multimercado,104.03
2025-11-24,Fundo de Ações,103.89
2025-11-24,ETF BOVA11,92.69
2025-11-24,Ação PETR4,79.7
2025-11-24,Ação VALE3,87.25
2025-11-25,Tesouro Selic,103.27
2025-11-25,CDB Liquidez Diária,104.03
2025-11-25,LCI/LCA,103.73
2025-11-25,Fundo Multimercado,103.74
2025-11-25,Fundo de Ações,101.94
2025-11-25,ETF BOVA11,92.36
2025-11-25,Ação PETR4,80.26
2025-11-25,Ação VALE3,88.58
2025-11-26,Tesouro Selic,103.36
2025-11-26,CDB Liquidez Diária,104.07
2025-11-26,LCI/LCA,103.78
2025-11-26,Fundo Multimercado,104.03
2025-11-26,Fundo de Ações,100.98
2025-11-26,ETF BOVA11,92.32
2025-11-26,Ação PETR4,79.93
2025-11-26,Ação VALE3,88.02
2025-11-27,Tesouro Selic,103.45
2025-11-27,CDB Liquidez Diária,104.18
2025-11-27,LCI/LCA,103.85
2025-11-27,Fundo Multimercado,104.61
2025-11-27,Fundo de Ações,100.75
2025-11-27,ETF BOVA11,92.83
2025-11-27,Ação PETR4,80.98
2025-11-27,Ação VALE3,88.26
2025-11-28,Tesouro Selic,103.51
2025-11-28,CDB Liquidez Diária,104.2
2025-11-28,LCI/LCA,103.93
2025-11-28,Fundo Multimercado,104.59
2025-11-28,Fundo de Ações,100.08
2025-11-28,ETF BOVA11,93.0
2025-11-28,Ação PETR4,80.38
2025-11-28,Ação VALE3,86.69
2025-12-01,Tesouro Selic,103.46
2025-12-01,CDB Liquidez Diária,104.16
2025-12-01,LCI/LCA,103.85
2025-12-01,Fundo Multimercado,105.14
2025-12-01,Fundo de Ações,99.01
2025-12-01,ETF BOVA11,93.71
2025-12-01,Ação PETR4,81.26
2025-12-01,Ação VALE3,87.25
2025-12-02,Tesouro Selic,103.46
2025-12-02,CDB Liquidez Diária,104.19
2025-12-02,LCI/LCA,103.86
2025-12-02,Fundo Multimercado,105.55
2025-12-02,Fundo de Ações,100.01
2025-12-02,ETF BOVA11,94.7
2025-12-02,Ação PETR4,81.88
2025-12-02,Ação VALE3,87.97
2025-12-03,Tesouro Selic,103.53
2025-12-03,CDB Liquidez Diária,104.18
2025-12-03,LCI/LCA,103.85
2025-12-03,Fundo Multimercado,105.87
2025-12-03,Fundo de Ações,100.81
2025-12-03,ETF BOVA11,95.27
2025-12-03,Ação PETR4,82.48
2025-12-03,Ação VALE3,88.87
2025-12-04,Tesouro Selic,103.53
2025-12-04,CDB Liquidez Diária,104.16
2025-12-04,LCI/LCA,103.86
2025-12-04,Fundo Multimercado,105.46
2025-12-04,Fundo de Ações,100.52
2025-12-04,ETF BOVA11,93.83
2025-12-04,Ação PETR4,82.21
2025-12-04,Ação VALE3,88.43
2025-12-05,Tesouro Selic,103.59
2025-12-05,CDB Liquidez Diária,104.26
2025-12-05,LCI/LCA,103.99
2025-12-05,Fundo Multimercado,105.95
2025-12-05,Fundo de Ações,99.33
2025-12-05,ETF BOVA11,92.59
2025-12-05,Ação PETR4,80.34
2025-12-05,Ação VALE3,87.03
2025-12-08,Tesouro Selic,103.67
2025-12-08,CDB Liquidez Diária,104.31
2025-12-08,LCI/LCA,104.06
2025-12-08,Fundo Multimercado,105.76
2025-12-08,Fundo de Ações,98.13
2025-12-08,ETF BOVA11,90.86
2025-12-08,Ação PETR4,77.74
2025-12-08,Ação VALE3,83.74
2025-12-09,Tesouro Selic,103.65
2025-12-09,CDB Liquidez Diária,104.33
2025-12-09,LCI/LCA,104.02
2025-12-09,Fundo Multimercado,106.73
2025-12-09,Fundo de Ações,100.69
2025-12-09,ETF BOVA11,93.15
2025-12-09,Ação PETR4,79.16
2025-12-09,Ação VALE3,86.26
2025-12-10,Tesouro Selic,103.66
2025-12-10,CDB Liquidez Diária,104.34
2025-12-10,LCI/LCA,104.13
2025-12-10,Fundo Multimercado,106.68
2025-12-10,Fundo de Ações,102.01
2025-12-10,ETF BOVA11,93.55
2025-12-10,Ação PETR4,79.54
2025-12-10,Ação VALE3,88.49
2025-12-11,Tesouro Selic,103.66
2025-12-11,CDB Liquidez Diária,104.42
2025-12-11,LCI/LCA,104.19
2025-12-11,Fundo Multimercado,106.5
2025-12-11,Fundo de Ações,102.37
2025-12-11,ETF BOVA11,94.21
2025-12-11,Ação PETR4,80.78
2025-12-11,Ação VALE3,87.64
2025-12-12,Tesouro Selic,103.65
2025-12-12,CDB Liquidez Diária,104.4
2025-12-12,LCI/LCA,104.18
2025-12-12,Fundo Multimercado,106.69
2025-12-12,Fundo de Ações,103.08
2025-12-12,ETF BOVA11,94.0
2025-12-12,Ação PETR4,81.03
2025-12-12,Ação VALE3,88.22
2025-12-15,Tesouro Selic,103.73
2025-12-15,CDB Liquidez Diária,104.53
2025-12-15,LCI/LCA,104.3
2025-12-15,Fundo Multimercado,107.03
2025-12-15,Fundo de Ações,103.5
2025-12-15,ETF BOVA11,93.41
2025-12-15,Ação PETR4,80.92
2025-12-15,Ação VALE3,87.99
2025-12-16,Tesouro Selic,103.79
2025-12-16,CDB Liquidez Diária,104.54
2025-12-16,LCI/LCA,104.3
2025-12-16,Fundo Multimercado,107.47
2025-12-16,Fundo de Ações,104.34
2025-12-16,ETF BOVA11,94.56
2025-12-16,Ação PETR4,82.07
2025-12-16,Ação VALE3,89.09
2025-12-17,Tesouro Selic,103.9
2025-12-17,CDB Liquidez Diária,104.63
2025-12-17,LCI/LCA,104.39
2025-12-17,Fundo Multimercado,107.45
2025-12-17,Fundo de Ações,103.57
2025-12-17,ETF BOVA11,93.82
2025-12-17,Ação PETR4,81.55
2025-12-17,Ação VALE3,87.93
2025-12-18,Tesouro Selic,104.02
2025-12-18,CDB Liquidez Diária,104.72
2025-12-18,LCI/LCA,104.48
2025-12-18,Fundo Multimercado,107.45
2025-12-18,Fundo de Ações,105.06
2025-12-18,ETF BOVA11,94.76
2025-12-18,Ação PETR4,83.51
2025-12-18,Ação VALE3,87.54
2025-12-19,Tesouro Selic,104.09
2025-12-19,CDB Liquidez Diária,104.82
2025-12-19,LCI/LCA,104.55
2025-12-19,Fundo Multimercado,107.98
2025-12-19,Fundo de Ações,105.41
2025-12-19,ETF BOVA11,96.08
2025-12-19,Ação PETR4,87.16
2025-12-19,Ação VALE3,88.98
2025-12-22,Tesouro Selic,104.1
2025-12-22,CDB Liquidez Diária,104.89
2025-12-22,LCI/LCA,104.64
2025-12-22,Fundo Multimercado,107.83
2025-12-22,Fundo de Ações,104.56
2025-12-22,ETF BOVA11,95.28
2025-12-22,Ação PETR4,84.87
2025-12-22,Ação VALE3,86.86
2025-12-23,Tesouro Selic,104.08
2025-12-23,CDB Liquidez Diária,104.84
2025-12-23,LCI/LCA,104.62
2025-12-23,Fundo Multimercado,107.82
2025-12-23,Fundo de Ações,106.58
2025-12-23,ETF BOVA11,95.96
2025-12-23,Ação PETR4,86.69
2025-12-23,Ação VALE3,87.59
2025-12-24,Tesouro Selic,104.12
2025-12-24,CDB Liquidez Diária,104.91
2025-12-24,LCI/LCA,104.62
2025-12-24,Fundo Multimercado,108.04
2025-12-24,Fundo de Ações,107.15
2025-12-24,ETF BOVA11,96.7
2025-12-24,Ação PETR4,87.75
2025-12-24,Ação VALE3,90.95
2025-12-25,Tesouro Selic,104.12
2025-12-25,CDB Liquidez Diária,104.89
2025-12-25,LCI/LCA,104.6
2025-12-25,Fundo Multimercado,107.78
2025-12-25,Fundo de Ações,105.9
2025-12-25,ETF BOVA11,96.52
2025-12-25,Ação PETR4,89.1
2025-12-25,Ação VALE3,90.61
2025-12-26,Tesouro Selic,104.11
2025-12-26,CDB Liquidez Diária,104.89
2025-12-26,LCI/LCA,104.58
2025-12-26,Fundo Multimercado,108.0
2025-12-26,Fundo de Ações,106.67
2025-12-26,ETF BOVA11,96.22
2025-12-26,Ação PETR4,90.6
2025-12-26,Ação VALE3,92.79
2025-12-29,Tesouro Selic,104.11
2025-12-29,CDB Liquidez Diária,104.88
2025-12-29,LCI/LCA,104.6
2025-12-29,Fundo Multimercado,108.09
2025-12-29,Fundo de Ações,107.77
2025-12-29,ETF BOVA11,98.18
2025-12-29,Ação PETR4,92.44
2025-12-29,Ação VALE3,93.72
2025-12-30,Tesouro Selic,104.06
2025-12-30,CDB Liquidez Diária,104.8
2025-12-30,LCI/LCA,104.56
2025-12-30,Fundo Multimercado,108.65
2025-12-30,Fundo de Ações,108.58
2025-12-30,ETF BOVA11,99.24
2025-12-30,Ação PETR4,93.6
2025-12-30,Ação VALE3,96.04
2025-12-31,Tesouro Selic,104.27
2025-12-31,CDB Liquidez Diária,105.0
2025-12-31,LCI/LCA,104.71
2025-12-31,Fundo Multimercado,109.4
2025-12-31,Fundo de Ações,110.54
2025-12-31,ETF BOVA11,101.9
2025-12-31,Ação PETR4,96.99
2025-12-31,Ação VALE3,98.27
2026-01-01,Tesouro Selic,104.35
2026-01-01,CDB Liquidez Diária,105.13
2026-01-01,LCI/LCA,104.82
2026-01-01,Fundo Multimercado,109.77
2026-01-01,Fundo de Ações,112.48
2026-01-01,ETF BOVA11,104.01
2026-01-01,Ação PETR4,100.87
2026-01-01,Ação VALE3,101.48
2026-01-02,Tesouro Selic,104.39
2026-01-02,CDB Liquidez Diária,105.17
2026-01-02,LCI/LCA,104.9
2026-01-02,Fundo Multimercado,109.48
2026-01-02,Fundo de Ações,112.32
2026-01-02,ETF BOVA11,103.45
2026-01-02,Ação PETR4,100.31
2026-01-02,Ação VALE3,102.56
2026-01-05,Tesouro Selic,104.44
2026-01-05,CDB Liquidez Diária,105.23
2026-01-05,LCI/LCA,104.9
2026-01-05,Fundo Multimercado,109.86
2026-01-05,Fundo de Ações,113.86
2026-01-05,ETF BOVA11,106.01
2026-01-05,Ação PETR4,102.66
2026-01-05,Ação VALE3,105.22
2026-01-06,Tesouro Selic,104.5
2026-01-06,CDB Liquidez Diária,105.35
2026-01-06,LCI/LCA,104.97
2026-01-06,Fundo Multimercado,110.11
2026-01-06,Fundo de Ações,115.02
2026-01-06,ETF BOVA11,106.95
2026-01-06,Ação PETR4,103.11
2026-01-06,Ação VALE3,106.23
2026-01-07,Tesouro Selic,104.62
2026-01-07,CDB Liquidez Diária,105.43
2026-01-07,LCI/LCA,105.06
2026-01-07,Fundo Multimercado,109.98
2026-01-07,Fundo de Ações,116.1
2026-01-07,ETF BOVA11,106.43
2026-01-07,Ação PETR4,101.88
2026-01-07,Ação VALE3,106.05
2026-01-08,Tesouro Selic,104.76
2026-01-08,CDB Liquidez Diária,105.58
2026-01-08,LCI/LCA,105.17
2026-01-08,Fundo Multimercado,110.97
2026-01-08,Fundo de Ações,116.06
2026-01-08,ETF BOVA11,105.47
2026-01-08,Ação PETR4,101.43
2026-01-08,Ação VALE3,104.49
2026-01-09,Tesouro Selic,104.74
2026-01-09,CDB Liquidez Diária,105.58
2026-01-09,LCI/LCA,105.17
2026-01-09,Fundo Multimercado,110.7
2026-01-09,Fundo de Ações,113.86
2026-01-09,ETF BOVA11,104.55
2026-01-09,Ação PETR4,101.22
2026-01-09,Ação VALE3,103.7
2026-01-12,Tesouro Selic,104.91
2026-01-12,CDB Liquidez Diária,105.71
2026-01-12,LCI/LCA,105.24
2026-01-12,Fundo Multimercado,110.67
2026-01-12,Fundo de Ações,113.34
2026-01-12,ETF BOVA11,104.24
2026-01-12,Ação PETR4,100.52
2026-01-12,Ação VALE3,103.75
2026-01-13,Tesouro Selic,104.87
2026-01-13,CDB Liquidez Diária,105.73
2026-01-13,LCI/LCA,105.23
2026-01-13,Fundo Multimercado,111.07
2026-01-13,Fundo de Ações,114.77
2026-01-13,ETF BOVA11,105.71
2026-01-13,Ação PETR4,102.86
2026-01-13,Ação VALE3,105.95
2026-01-14,Tesouro Selic,104.95
2026-01-14,CDB Liquidez Diária,105.87
2026-01-14,LCI/LCA,105.32
2026-01-14,Fundo Multimercado,111.53
2026-01-14,Fundo de Ações,115.44
2026-01-14,ETF BOVA11,107.3
2026-01-14,Ação PETR4,103.65
2026-01-14,Ação VALE3,109.53
2026-01-15,Tesouro Selic,104.99
2026-01-15,CDB Liquidez Diária,105.85
2026-01-15,LCI/LCA,105.35
2026-01-15,Fundo Multimercado,111.26
2026-01-15,Fundo de Ações,115.97
2026-01-15,ETF BOVA11,107.0
2026-01-15,Ação PETR4,102.81
2026-01-15,Ação VALE3,106.64
2026-01-16,Tesouro Selic,105.01
2026-01-16,CDB Liquidez Diária,105.76
2026-01-16,LCI/LCA,105.29
2026-01-16,Fundo Multimercado,111.48
2026-01-16,Fundo de Ações,117.64
2026-01-16,ETF BOVA11,108.51
2026-01-16,Ação PETR4,103.26
2026-01-16,Ação VALE3,107.75
2026-01-19,Tesouro Selic,105.05
2026-01-19,CDB Liquidez Diária,105.76
2026-01-19,LCI/LCA,105.38
2026-01-19,Fundo Multimercado,111.84
2026-01-19,Fundo de Ações,118.23
2026-01-19,ETF BOVA11,109.14
2026-01-19,Ação PETR4,104.2
2026-01-19,Ação VALE3,105.74
2026-01-20,Tesouro Selic,105.08
2026-01-20,CDB Liquidez Diária,105.76
2026-01-20,LCI/LCA,105.36
2026-01-20,Fundo Multimercado,111.73
2026-01-20,Fundo de Ações,120.41
2026-01-20,ETF BOVA11,110.85
2026-01-20,Ação PETR4,105.34
2026-01-20,Ação VALE3,107.99
2026-01-21,Tesouro Selic,105.22
2026-01-21,CDB Liquidez Diária,105.94
2026-01-21,LCI/LCA,105.49
2026-01-21,Fundo Multimercado,111.73
2026-01-21,Fundo de Ações,120.98
2026-01-21,ETF BOVA11,111.33
2026-01-21,Ação PETR4,106.97
2026-01-21,Ação VALE3,109.6
2026-01-22,Tesouro Selic,105.33
2026-01-22,CDB Liquidez Diária,106.03
2026-01-22,LCI/LCA,105.63
2026-01-22,Fundo Multimercado,111.98
2026-01-22,Fundo de Ações,124.21
2026-01-22,ETF BOVA11,112.93
2026-01-22,Ação PETR4,111.05
2026-01-22,Ação VALE3,112.08
2026-01-23,Tesouro Selic,105.33
2026-01-23,CDB Liquidez Diária,106.01
2026-01-23,LCI/LCA,105.62
2026-01-23,Fundo Multimercado,112.11
2026-01-23,Fundo de Ações,125.37
2026-01-23,ETF BOVA11,113.33
2026-01-23,Ação PETR4,111.55
2026-01-23,Ação VALE3,115.41
2026-01-26,Tesouro Selic,105.49
2026-01-26,CDB Liquidez Diária,106.19
2026-01-26,LCI/LCA,105.76
2026-01-26,Fundo Multimercado,112.45
2026-01-26,Fundo de Ações,126.6
2026-01-26,ETF BOVA11,113.43
2026-01-26,Ação PETR4,111.29
2026-01-26,Ação VALE3,113.04
2026-01-27,Tesouro Selic,105.56
2026-01-27,CDB Liquidez Diária,106.29
2026-01-27,LCI/LCA,105.81
2026-01-27,Fundo Multimercado,113.21
2026-01-27,Fundo de Ações,126.49
2026-01-27,ETF BOVA11,112.78
2026-01-27,Ação PETR4,110.93
2026-01-27,Ação VALE3,113.83
2026-01-28,Tesouro Selic,105.71
2026-01-28,CDB Liquidez Diária,106.43
2026-01-28,LCI/LCA,105.98
2026-01-28,Fundo Multimercado,113.45
2026-01-28,Fundo de Ações,126.44
2026-01-28,ETF BOVA11,113.42
2026-01-28,Ação PETR4,112.42
2026-01-28,Ação VALE3,112.47
2026-01-29,Tesouro Selic,105.86
2026-01-29,CDB Liquidez Diária,106.64
2026-01-29,LCI/LCA,106.09
2026-01-29,Fundo Multimercado,113.91
2026-01-29,Fundo de Ações,127.77
2026-01-29,ETF BOVA11,114.55
2026-01-29,Ação PETR4,112.86
2026-01-29,Ação VALE3,112.41
2026-01-30,Tesouro Selic,105.9
2026-01-30,CDB Liquidez Diária,106.73
2026-01-30,LCI/LCA,106.16
2026-01-30,Fundo Multimercado,113.85
2026-01-30,Fundo de Ações,128.64
2026-01-30,ETF BOVA11,112.93
2026-01-30,Ação PETR4,112.81
2026-01-30,Ação VALE3,108.95
2026-02-02,Tesouro Selic,105.92
2026-02-02,CDB Liquidez Diária,106.71
2026-02-02,LCI/LCA,106.12
2026-02-02,Fundo Multimercado,114.3
2026-02-02,Fundo de Ações,129.1
2026-02-02,ETF BOVA11,113.77
2026-02-02,Ação PETR4,113.71
2026-02-02,Ação VALE3,110.33
2026-02-03,Tesouro Selic,105.97
2026-02-03,CDB Liquidez Diária,106.7
2026-02-03,LCI/LCA,106.2
2026-02-03,Fundo Multimercado,114.11
2026-02-03,Fundo de Ações,126.38
2026-02-03,ETF BOVA11,111.73
2026-02-03,Ação PETR4,113.52
2026-02-03,Ação VALE3,110.05
2026-02-04,Tesouro Selic,105.99
2026-02-04,CDB Liquidez Diária,106.71
2026-02-04,LCI/LCA,106.21
2026-02-04,Fundo Multimercado,114.96
2026-02-04,Fundo de Ações,129.01
2026-02-04,ETF BOVA11,114.17
2026-02-04,Ação PETR4,117.81
2026-02-04,Ação VALE3,113.07
2026-02-05,Tesouro Selic,106.02
2026-02-05,CDB Liquidez Diária,106.73
2026-02-05,LCI/LCA,106.23
2026-02-05,Fundo Multimercado,114.97
2026-02-05,Fundo de Ações,130.09
2026-02-05,ETF BOVA11,114.84
2026-02-05,Ação PETR4,119.7
2026-02-05,Ação VALE3,113.93
2026-02-06,Tesouro Selic,106.07
2026-02-06,CDB Liquidez Diária,106.69
2026-02-06,LCI/LCA,106.29
2026-02-06,Fundo Multimercado,115.1
2026-02-06,Fundo de Ações,131.98
2026-02-06,ETF BOVA11,113.97
2026-02-06,Ação PETR4,121.97
2026-02-06,Ação VALE3,113.72
2026-02-09,Tesouro Selic,106.18
2026-02-09,CDB Liquidez Diária,106.77
2026-02-09,LCI/LCA,106.41
2026-02-09,Fundo Multimercado,114.83
2026-02-09,Fundo de Ações,130.13
2026-02-09,ETF BOVA11,113.99
2026-02-09,Ação PETR4,121.55
2026-02-09,Ação VALE3,113.96
2026-02-10,Tesouro Selic,106.29
2026-02-10,CDB Liquidez Diária,106.9
2026-02-10,LCI/LCA,106.51
2026-02-10,Fundo Multimercado,115.17
2026-02-10,Fundo de Ações,134.25
2026-02-10,ETF BOVA11,116.5
2026-02-10,Ação PETR4,124.91
2026-02-10,Ação VALE3,117.99
2026-02-11,Tesouro Selic,106.4
2026-02-11,CDB Liquidez Diária,107.07
2026-02-11,LCI/LCA,106.65
2026-02-11,Fundo Multimercado,114.94
2026-02-11,Fundo de Ações,135.79
2026-02-11,ETF BOVA11,116.26
2026-02-11,Ação PETR4,125.11
2026-02-11,Ação VALE3,116.85
2026-02-12,Tesouro Selic,106.44
2026-02-12,CDB Liquidez Diária,107.12
2026-02-12,LCI/LCA,106.7
2026-02-12,Fundo Multimercado,115.17
2026-02-12,Fundo de Ações,138.84
2026-02-12,ETF BOVA11,118.47
2026-02-12,Ação PETR4,127.44
2026-02-12,Ação VALE3,120.35
2026-02-13,Tesouro Selic,106.57
2026-02-13,CDB Liquidez Diária,107.2
2026-02-13,LCI/LCA,106.82
2026-02-13,Fundo Multimercado,115.63
2026-02-13,Fundo de Ações,139.3
2026-02-13,ETF BOVA11,120.0
2026-02-13,Ação PETR4,128.94
2026-02-13,Ação VALE3,121.93
2026-02-16,Tesouro Selic,106.6
2026-02-16,CDB Liquidez Diária,107.23
2026-02-16,LCI/LCA,106.81
2026-02-16,Fundo Multimercado,115.07
2026-02-16,Fundo de Ações,140.32
2026-02-16,ETF BOVA11,119.51
2026-02-16,Ação PETR4,126.85
2026-02-16,Ação VALE3,117.99
2026-02-17,Tesouro Selic,106.6
2026-02-17,CDB Liquidez Diária,107.18
2026-02-17,LCI/LCA,106.87
2026-02-17,Fundo Multimercado,115.41
2026-02-17,Fundo de Ações,140.34
2026-02-17,ETF BOVA11,121.53
2026-02-17,Ação PETR4,130.72
2026-02-17,Ação VALE3,119.82
2026-02-18,Tesouro Selic,106.48
2026-02-18,CDB Liquidez Diária,107.15
2026-02-18,LCI/LCA,106.74
2026-02-18,Fundo Multimercado,114.54
2026-02-18,Fundo de Ações,140.05
2026-02-18,ETF BOVA11,122.69
2026-02-18,Ação PETR4,134.36
2026-02-18,Ação VALE3,122.48
2026-02-19,Tesouro Selic,106.56
2026-02-19,CDB Liquidez Diária,107.27
2026-02-19,LCI/LCA,106.86
2026-02-19,Fundo Multimercado,114.82
2026-02-19,Fundo de Ações,140.71
2026-02-19,ETF BOVA11,123.14
2026-02-19,Ação PETR4,133.63
2026-02-19,Ação VALE3,122.17
2026-02-20,Tesouro Selic,106.49
2026-02-20,CDB Liquidez Diária,107.2
2026-02-20,LCI/LCA,106.77
2026-02-20,Fundo Multimercado,114.2
2026-02-20,Fundo de Ações,139.68
2026-02-20,ETF BOVA11,123.24
2026-02-20,Ação PETR4,135.29
2026-02-20,Ação VALE3,120.42
2026-02-23,Tesouro Selic,106.47
2026-02-23,CDB Liquidez Diária,107.21
2026-02-23,LCI/LCA,106.73
2026-02-23,Fundo Multimercado,114.07
2026-02-23,Fundo de Ações,140.3
2026-02-23,ETF BOVA11,122.78
2026-02-23,Ação PETR4,135.0
2026-02-23,Ação VALE3,118.14
2026-02-24,Tesouro Selic,106.48
2026-02-24,CDB Liquidez Diária,107.23
2026-02-24,LCI/LCA,106.68
2026-02-24,Fundo Multimercado,114.25
2026-02-24,Fundo de Ações,140.75
2026-02-24,ETF BOVA11,123.59
2026-02-24,Ação PETR4,136.41
2026-02-24,Ação VALE3,120.97
2026-02-25,Tesouro Selic,106.53
2026-02-25,CDB Liquidez Diária,107.27
2026-02-25,LCI/LCA,106.73
2026-02-25,Fundo Multimercado,114.53
2026-02-25,Fundo de Ações,141.51
2026-02-25,ETF BOVA11,124.25
2026-02-25,Ação PETR4,136.04
2026-02-25,Ação VALE3,120.33
2026-02-26,Tesouro Selic,106.48
2026-02-26,CDB Liquidez Diária,107.29
2026-02-26,LCI/LCA,106.66
2026-02-26,Fundo Multimercado,114.18
2026-02-26,Fundo de Ações,139.54
2026-02-26,ETF BOVA11,123.56
2026-02-26,Ação PETR4,134.67
2026-02-26,Ação VALE3,121.42
2026-02-27,Tesouro Selic,106.48
2026-02-27,CDB Liquidez Diária,107.3
2026-02-27,LCI/LCA,106.64
2026-02-27,Fundo Multimercado,115.04
2026-02-27,Fundo de Ações,139.98
2026-02-27,ETF BOVA11,124.73
2026-02-27,Ação PETR4,137.18
2026-02-27,Ação VALE3,123.32
2026-03-02,Tesouro Selic,106.51
2026-03-02,CDB Liquidez Diária,107.33
2026-03-02,LCI/LCA,106.67
2026-03-02,Fundo Multimercado,115.01
2026-03-02,Fundo de Ações,141.43
2026-03-02,ETF BOVA11,127.28
2026-03-02,Ação PETR4,139.32
2026-03-02,Ação VALE3,123.58
2026-03-03,Tesouro Selic,106.55
2026-03-03,CDB Liquidez Diária,107.48
2026-03-03,LCI/LCA,106.7
2026-03-03,Fundo Multimercado,115.83
2026-03-03,Fundo de Ações,146.07
2026-03-03,ETF BOVA11,130.19
2026-03-03,Ação PETR4,143.97
2026-03-03,Ação VALE3,129.01
2026-03-04,Tesouro Selic,106.57
2026-03-04,CDB Liquidez Diária,107.49
2026-03-04,LCI/LCA,106.7
2026-03-04,Fundo Multimercado,115.41
2026-03-04,Fundo de Ações,143.86
2026-03-04,ETF BOVA11,127.52
2026-03-04,Ação PETR4,140.79
2026-03-04,Ação VALE3,125.28
2026-03-05,Tesouro Selic,106.63
2026-03-05,CDB Liquidez Diária,107.48
2026-03-05,LCI/LCA,106.75
2026-03-05,Fundo Multimercado,115.78
2026-03-05,Fundo de Ações,141.59
2026-03-05,ETF BOVA11,126.75
2026-03-05,Ação PETR4,141.92
2026-03-05,Ação VALE3,123.11
2026-03-06,Tesouro Selic,106.79
2026-03-06,CDB Liquidez Diária,107.66
2026-03-06,LCI/LCA,106.86
2026-03-06,Fundo Multimercado,116.05
2026-03-06,Fundo de Ações,142.67
2026-03-06,ETF BOVA11,127.49
2026-03-06,Ação PETR4,143.74
2026-03-06,Ação VALE3,122.63
2026-03-09,Tesouro Selic,106.84
2026-03-09,CDB Liquidez Diária,107.66
2026-03-09,LCI/LCA,106.89
2026-03-09,Fundo Multimercado,115.7
2026-03-09,Fundo de Ações,140.52
2026-03-09,ETF BOVA11,126.91
2026-03-09,Ação PETR4,144.88
2026-03-09,Ação VALE3,123.45
2026-03-10,Tesouro Selic,106.81
2026-03-10,CDB Liquidez Diária,107.62
2026-03-10,LCI/LCA,106.92
2026-03-10,Fundo Multimercado,115.66
2026-03-10,Fundo de Ações,144.41
2026-03-10,ETF BOVA11,129.61
2026-03-10,Ação PETR4,148.79
2026-03-10,Ação VALE3,125.76
2026-03-11,Tesouro Selic,106.87
2026-03-11,CDB Liquidez Diária,107.67
2026-03-11,LCI/LCA,107.0
2026-03-11,Fundo Multimercado,116.13
2026-03-11,Fundo de Ações,144.3
2026-03-11,ETF BOVA11,128.79
2026-03-11,Ação PETR4,144.37
2026-03-11,Ação VALE3,124.92
2026-03-12,Tesouro Selic,106.84
2026-03-12,CDB Liquidez Diária,107.54
2026-03-12,LCI/LCA,106.98
2026-03-12,Fundo Multimercado,117.0
2026-03-12,Fundo de Ações,147.02
2026-03-12,ETF BOVA11,131.88
2026-03-12,Ação PETR4,148.49
2026-03-12,Ação VALE3,127.71
2026-03-13,Tesouro Selic,106.94
2026-03-13,CDB Liquidez Diária,107.64
2026-03-13,LCI/LCA,107.08
2026-03-13,Fundo Multimercado,117.3
2026-03-13,Fundo de Ações,146.44
2026-03-13,ETF BOVA11,132.49
2026-03-13,Ação PETR4,148.83
2026-03-13,Ação VALE3,126.99
2026-03-16,Tesouro Selic,107.02
2026-03-16,CDB Liquidez Diária,107.68
2026-03-16,LCI/LCA,107.14
2026-03-16,Fundo Multimercado,117.4
2026-03-16,Fundo de Ações,148.37
2026-03-16,ETF BOVA11,134.07
2026-03-16,Ação PETR4,150.78
2026-03-16,Ação VALE3,129.76
2026-03-17,Tesouro Selic,107.16
2026-03-17,CDB Liquidez Diária,107.85
2026-03-17,LCI/LCA,107.26
2026-03-17,Fundo Multimercado,117.11
2026-03-17,Fundo de Ações,145.29
2026-03-17,ETF BOVA11,131.55
2026-03-17,Ação PETR4,146.33
2026-03-17,Ação VALE3,126.77
2026-03-18,Tesouro Selic,107.21
2026-03-18,CDB Liquidez Diária,107.92
2026-03-18,LCI/LCA,107.31
2026-03-18,Fundo Multimercado,117.4
2026-03-18,Fundo de Ações,146.05
2026-03-18,ETF BOVA11,130.55
2026-03-18,Ação PETR4,143.48
2026-03-18,Ação VALE3,125.2
2026-03-19,Tesouro Selic,107.17
2026-03-19,CDB Liquidez Diária,107.91
2026-03-19,LCI/LCA,107.35
2026-03-19,Fundo Multimercado,117.83
2026-03-19,Fundo de Ações,147.11
2026-03-19,ETF BOVA11,132.81
2026-03-19,Ação PETR4,146.5
2026-03-19,Ação VALE3,126.84
2026-03-20,Tesouro Selic,107.18
2026-03-20,CDB Liquidez Diária,107.9
2026-03-20,LCI/LCA,107.35
2026-03-20,Fundo Multimercado,117.87
2026-03-20,Fundo de Ações,147.58
2026-03-20,ETF BOVA11,133.15
2026-03-20,Ação PETR4,147.76
2026-03-20,Ação VALE3,129.21
2026-03-23,Tesouro Selic,107.28
2026-03-23,CDB Liquidez Diária,107.95
2026-03-23,LCI/LCA,107.33
2026-03-23,Fundo Multimercado,118.39
2026-03-23,Fundo de Ações,146.41
2026-03-23,ETF BOVA11,132.58
2026-03-23,Ação PETR4,144.88
2026-03-23,Ação VALE3,125.26
2026-03-24,Tesouro Selic,107.37
2026-03-24,CDB Liquidez Diária,108.06
2026-03-24,LCI/LCA,107.38
2026-03-24,Fundo Multimercado,117.45
2026-03-24,Fundo de Ações,142.69
2026-03-24,ETF BOVA11,129.8
2026-03-24,Ação PETR4,138.69
2026-03-24,Ação VALE3,122.41
2026-03-25,Tesouro Selic,107.41
2026-03-25,CDB Liquidez Diária,108.13
2026-03-25,LCI/LCA,107.43
2026-03-25,Fundo Multimercado,117.12
2026-03-25,Fundo de Ações,143.67
2026-03-25,ETF BOVA11,129.96
2026-03-25,Ação PETR4,138.86
2026-03-25,Ação VALE3,121.24
2026-03-26,Tesouro Selic,107.42
2026-03-26,CDB Liquidez Diária,108.11
2026-03-26,LCI/LCA,107.44
2026-03-26,Fundo Multimercado,117.81
2026-03-26,Fundo de Ações,143.34
2026-03-26,ETF BOVA11,129.0
2026-03-26,Ação PETR4,140.36
2026-03-26,Ação VALE3,120.56
2026-03-27,Tesouro Selic,107.42
2026-03-27,CDB Liquidez Diária,108.15
2026-03-27,LCI/LCA,107.43
2026-03-27,Fundo Multimercado,118.59
2026-03-27,Fundo de Ações,146.52
2026-03-27,ETF BOVA11,131.11
2026-03-27,Ação PETR4,146.83
2026-03-27,Ação VALE3,122.46
2026-03-30,Tesouro Selic,107.52
2026-03-30,CDB Liquidez Diária,108.27
2026-03-30,LCI/LCA,107.57
2026-03-30,Fundo Multimercado,119.42
2026-03-30,Fundo de Ações,148.56
2026-03-30,ETF BOVA11,132.27
2026-03-30,Ação PETR4,149.15
2026-03-30,Ação VALE3,122.62
2026-03-31,Tesouro Selic,107.7
2026-03-31,CDB Liquidez Diária,108.46
2026-03-31,LCI/LCA,107.7
2026-03-31,Fundo Multimercado,119.84
2026-03-31,Fundo de Ações,146.78
2026-03-31,ETF BOVA11,130.51
2026-03-31,Ação PETR4,149.07
2026-03-31,Ação VALE3,120.42
2026-04-01,Tesouro Selic,107.67
2026-04-01,CDB Liquidez Diária,108.45
2026-04-01,LCI/LCA,107.74
2026-04-01,Fundo Multimercado,120.08
2026-04-01,Fundo de Ações,149.3
2026-04-01,ETF BOVA11,131.62
2026-04-01,Ação PETR4,147.98
2026-04-01,Ação VALE3,123.09
2026-04-02,Tesouro Selic,107.7
2026-04-02,CDB Liquidez Diária,108.47
2026-04-02,LCI/LCA,107.82
2026-04-02,Fundo Multimercado,120.33
2026-04-02,Fundo de Ações,150.81
2026-04-02,ETF BOVA11,134.51
2026-04-02,Ação PETR4,150.34
2026-04-02,Ação VALE3,126.85
2026-04-03,Tesouro Selic,107.75
2026-04-03,CDB Liquidez Diária,108.53
2026-04-03,LCI/LCA,107.93
2026-04-03,Fundo Multimercado,120.63
2026-04-03,Fundo de Ações,152.49
2026-04-03,ETF BOVA11,136.61
2026-04-03,Ação PETR4,152.24
2026-04-03,Ação VALE3,127.34
2026-04-06,Tesouro Selic,107.72
2026-04-06,CDB Liquidez Diária,108.42
2026-04-06,LCI/LCA,107.98
2026-04-06,Fundo Multimercado,119.99
2026-04-06,Fundo de Ações,150.77
2026-04-06,ETF BOVA11,134.95
2026-04-06,Ação PETR4,150.79
2026-04-06,Ação VALE3,127.29
2026-04-07,Tesouro Selic,107.82
2026-04-07,CDB Liquidez Diária,108.5
2026-04-07,LCI/LCA,108.05
2026-04-07,Fundo Multimercado,120.26
2026-04-07,Fundo de Ações,150.83
2026-04-07,ETF BOVA11,136.47
2026-04-07,Ação PETR4,153.5
2026-04-07,Ação VALE3,130.0
2026-04-08,Tesouro Selic,107.91
2026-04-08,CDB Liquidez Diária,108.64
2026-04-08,LCI/LCA,108.15
2026-04-08,Fundo Multimercado,119.9
2026-04-08,Fundo de Ações,150.2
2026-04-08,ETF BOVA11,135.11
2026-04-08,Ação PETR4,150.75
2026-04-08,Ação VALE3,129.47
2026-04-09,Tesouro Selic,108.04
2026-04-09,CDB Liquidez Diária,108.77
2026-04-09,LCI/LCA,108.27
2026-04-09,Fundo Multimercado,120.86
2026-04-09,Fundo de Ações,152.83
2026-04-09,ETF BOVA11,139.54
2026-04-09,Ação PETR4,157.19
2026-04-09,Ação VALE3,131.0
2026-04-10,Tesouro Selic,108.14
2026-04-10,CDB Liquidez Diária,108.89
2026-04-10,LCI/LCA,108.41
2026-04-10,Fundo Multimercado,121.33
2026-04-10,Fundo de Ações,153.61
2026-04-10,ETF BOVA11,139.21
2026-04-10,Ação PETR4,156.39
2026-04-10,Ação VALE3,129.2
2026-04-13,Tesouro Selic,108.14
2026-04-13,CDB Liquidez Diária,108.92
2026-04-13,LCI/LCA,108.5
2026-04-13,Fundo Multimercado,121.5
2026-04-13,Fundo de Ações,152.08
2026-04-13,ETF BOVA11,138.82
2026-04-13,Ação PETR4,158.17
2026-04-13,Ação VALE3,128.34
2026-04-14,Tesouro Selic,108.18
2026-04-14,CDB Liquidez Diária,108.96
2026-04-14,LCI/LCA,108.5
2026-04-14,Fundo Multimercado,121.83
2026-04-14,Fundo de Ações,152.69
2026-04-14,ETF BOVA11,139.79
2026-04-14,Ação PETR4,157.66
2026-04-14,Ação VALE3,128.15
2026-04-15,Tesouro Selic,108.27
2026-04-15,CDB Liquidez Diária,109.04
2026-04-15,LCI/LCA,108.65
2026-04-15,Fundo Multimercado,121.8
2026-04-15,Fundo de Ações,152.81
2026-04-15,ETF BOVA11,140.59
2026-04-15,Ação PETR4,155.77
2026-04-15,Ação VALE3,125.51
2026-04-16,Tesouro Selic,108.22
2026-04-16,CDB Liquidez Diária,109.03
2026-04-16,LCI/LCA,108.6
2026-04-16,Fundo Multimercado,122.81
2026-04-16,Fundo de Ações,154.82
2026-04-16,ETF BOVA11,142.88
2026-04-16,Ação PETR4,161.71
2026-04-16,Ação VALE3,131.15
2026-04-17,Tesouro Selic,108.4
2026-04-17,CDB Liquidez Diária,109.28
2026-04-17,LCI/LCA,108.81
2026-04-17,Fundo Multimercado,123.47
2026-04-17,Fundo de Ações,157.29
2026-04-17,ETF BOVA11,144.2
2026-04-17,Ação PETR4,161.67
2026-04-17,Ação VALE3,131.9
2026-04-20,Tesouro Selic,108.43
2026-04-20,CDB Liquidez Diária,109.29
2026-04-20,LCI/LCA,108.86
2026-04-20,Fundo Multimercado,123.91
2026-04-20,Fundo de Ações,158.7
2026-04-20,ETF BOVA11,146.76
2026-04-20,Ação PETR4,162.54
2026-04-20,Ação VALE3,133.36
2026-04-21,Tesouro Selic,108.43
2026-04-21,CDB Liquidez Diária,109.2
2026-04-21,LCI/LCA,108.85
2026-04-21,Fundo Multimercado,123.74
2026-04-21,Fundo de Ações,161.26
2026-04-21,ETF BOVA11,148.86
2026-04-21,Ação PETR4,163.16
2026-04-21,Ação VALE3,137.9
2026-04-22,Tesouro Selic,108.56
2026-04-22,CDB Liquidez Diária,109.36
2026-04-22,LCI/LCA,108.95
2026-04-22,Fundo Multimercado,123.57
2026-04-22,Fundo de Ações,159.61
2026-04-22,ETF BOVA11,148.55
2026-04-22,Ação PETR4,166.44
2026-04-22,Ação VALE3,141.04
2026-04-23,Tesouro Selic,108.57
2026-04-23,CDB Liquidez Diária,109.33
2026-04-23,LCI/LCA,108.97
2026-04-23,Fundo Multimercado,122.74
2026-04-23,Fundo de Ações,158.01
2026-04-23,ETF BOVA11,146.74
2026-04-23,Ação PETR4,163.24
2026-04-23,Ação VALE3,136.53
2026-04-24,Tesouro Selic,108.65
2026-04-24,CDB Liquidez Diária,109.38
2026-04-24,LCI/LCA,108.99
2026-04-24,Fundo Multimercado,121.58
2026-04-24,Fundo de Ações,154.53
2026-04-24,ETF BOVA11,145.16
2026-04-24,Ação PETR4,164.48
2026-04-24,Ação VALE3,135.2
2026-04-27,Tesouro Selic,108.66
2026-04-27,CDB Liquidez Diária,109.41
2026-04-27,LCI/LCA,108.96
2026-04-27,Fundo Multimercado,121.71
2026-04-27,Fundo de Ações,156.26
2026-04-27,ETF BOVA11,147.47
2026-04-27,Ação PETR4,167.22
2026-04-27,Ação VALE3,136.98
2026-04-28,Tesouro Selic,108.64
2026-04-28,CDB Liquidez Diária,109.36
2026-04-28,LCI/LCA,108.94
2026-04-28,Fundo Multimercado,121.78
2026-04-28,Fundo de Ações,158.3
2026-04-28,ETF BOVA11,148.14
2026-04-28,Ação PETR4,171.35
2026-04-28,Ação VALE3,137.9
2026-04-29,Tesouro Selic,108.68
2026-04-29,CDB Liquidez Diária,109.37
2026-04-29,LCI/LCA,108.88
2026-04-29,Fundo Multimercado,122.2
2026-04-29,Fundo de Ações,160.72
2026-04-29,ETF BOVA11,149.71
2026-04-29,Ação PETR4,173.66
2026-04-29,Ação VALE3,140.26
2026-04-30,Tesouro Selic,108.62
2026-04-30,CDB Liquidez Diária,109.28
2026-04-30,LCI/LCA,108.86
2026-04-30,Fundo Multimercado,121.47
2026-04-30,Fundo de Ações,159.62
2026-04-30,ETF BOVA11,147.25
2026-04-30,Ação PETR4,171.62
2026-04-30,Ação VALE3,138.28
2026-05-01,Tesouro Selic,108.56
2026-05-01,CDB Liquidez Diária,109.27
2026-05-01,LCI/LCA,108.8
2026-05-01,Fundo Multimercado,121.0
2026-05-01,Fundo de Ações,158.91
2026-05-01,ETF BOVA11,147.55
2026-05-01,Ação PETR4,169.84
2026-05-01,Ação VALE3,138.3
2026-05-04,Tesouro Selic,108.63
2026-05-04,CDB Liquidez Diária,109.37
2026-05-04,LCI/LCA,108.88
2026-05-04,Fundo Multimercado,120.99
2026-05-04,Fundo de Ações,157.12
2026-05-04,ETF BOVA11,146.41
2026-05-04,Ação PETR4,166.01
2026-05-04,Ação VALE3,131.81
2026-05-05,Tesouro Selic,108.71
2026-05-05,CDB Liquidez Diária,109.49
2026-05-05,LCI/LCA,108.86
2026-05-05,Fundo Multimercado,120.71
2026-05-05,Fundo de Ações,157.1
2026-05-05,ETF BOVA11,147.93
2026-05-05,Ação PETR4,167.87
2026-05-05,Ação VALE3,132.06
2026-05-06,Tesouro Selic,108.74
2026-05-06,CDB Liquidez Diária,109.58
2026-05-06,LCI/LCA,108.88
2026-05-06,Fundo Multimercado,120.45
2026-05-06,Fundo de Ações,155.35
2026-05-06,ETF BOVA11,145.65
2026-05-06,Ação PETR4,165.25
2026-05-06,Ação VALE3,132.74
2026-05-07,Tesouro Selic,108.81
2026-05-07,CDB Liquidez Diária,109.64
2026-05-07,LCI/LCA,108.92
2026-05-07,Fundo Multimercado,119.87
2026-05-07,Fundo de Ações,155.14
2026-05-07,ETF BOVA11,144.88
2026-05-07,Ação PETR4,163.9
2026-05-07,Ação VALE3,137.22
2026-05-08,Tesouro Selic,108.87
2026-05-08,CDB Liquidez Diária,109.68
2026-05-08,LCI/LCA,108.96
2026-05-08,Fundo Multimercado,120.43
2026-05-08,Fundo de Ações,156.81
2026-05-08,ETF BOVA11,145.05
2026-05-08,Ação PETR4,166.12
2026-05-08,Ação VALE3,136.65
2026-05-11,Tesouro Selic,109.05
2026-05-11,CDB Liquidez Diária,109.9
2026-05-11,LCI/LCA,109.1
2026-05-11,Fundo Multimercado,121.34
2026-05-11,Fundo de Ações,158.82
2026-05-11,ETF BOVA11,147.6
2026-05-11,Ação PETR4,170.27
2026-05-11,Ação VALE3,137.71
2026-05-12,Tesouro Selic,109.05
2026-05-12,CDB Liquidez Diária,109.95
2026-05-12,LCI/LCA,109.1
2026-05-12,Fundo Multimercado,121.18
2026-05-12,Fundo de Ações,156.63
2026-05-12,ETF BOVA11,146.48
2026-05-12,Ação PETR4,173.16
2026-05-12,Ação VALE3,135.84
2026-05-13,Tesouro Selic,109.1
2026-05-13,CDB Liquidez Diária,110.06
2026-05-13,LCI/LCA,109.16
2026-05-13,Fundo Multimercado,121.5
2026-05-13,Fundo de Ações,155.41
2026-05-13,ETF BOVA11,146.31
2026-05-13,Ação PETR4,172.44
2026-05-13,Ação VALE3,137.15
2026-05-14,Tesouro Selic,109.22
2026-05-14,CDB Liquidez Diária,110.3
2026-05-14,LCI/LCA,109.31
2026-05-14,Fundo Multimercado,121.96
2026-05-14,Fundo de Ações,156.47
2026-05-14,ETF BOVA11,146.83
2026-05-14,Ação PETR4,173.78
2026-05-14,Ação VALE3,137.22
2026-05-15,Tesouro Selic,109.28
2026-05-15,CDB Liquidez Diária,110.42
2026-05-15,LCI/LCA,109.34
2026-05-15,Fundo Multimercado,122.6
2026-05-15,Fundo de Ações,160.34
2026-05-15,ETF BOVA11,149.59
2026-05-15,Ação PETR4,172.93
2026-05-15,Ação VALE3,137.78
2026-05-18,Tesouro Selic,109.41
2026-05-18,CDB Liquidez Diária,110.56
2026-05-18,LCI/LCA,109.41
2026-05-18,Fundo Multimercado,122.62
2026-05-18,Fundo de Ações,161.46
2026-05-18,ETF BOVA11,150.65
2026-05-18,Ação PETR4,173.73
2026-05-18,Ação VALE3,138.04
2026-05-19,Tesouro Selic,109.43
2026-05-19,CDB Liquidez Diária,110.54
2026-05-19,LCI/LCA,109.49
2026-05-19,Fundo Multimercado,122.44
2026-05-19,Fundo de Ações,163.37
2026-05-19,ETF BOVA11,153.18
2026-05-19,Ação PETR4,179.12
2026-05-19,Ação VALE3,140.12
2026-05-20,Tesouro Selic,109.51
2026-05-20,CDB Liquidez Diária,110.61
2026-05-20,LCI/LCA,109.52
2026-05-20,Fundo Multimercado,122.7
2026-05-20,Fundo de Ações,161.7
2026-05-20,ETF BOVA11,153.41
2026-05-20,Ação PETR4,178.26
2026-05-20,Ação VALE3,140.39
2026-05-21,Tesouro Selic,109.57
2026-05-21,CDB Liquidez Diária,110.67
2026-05-21,LCI/LCA,109.6
2026-05-21,Fundo Multimercado,122.58
2026-05-21,Fundo de Ações,162.85
2026-05-21,ETF BOVA11,152.68
2026-05-21,Ação PETR4,177.69
2026-05-21,Ação VALE3,143.15
2026-05-22,Tesouro Selic,109.55
2026-05-22,CDB Liquidez Diária,110.61
2026-05-22,LCI/LCA,109.6
2026-05-22,Fundo Multimercado,122.56
2026-05-22,Fundo de Ações,163.71
2026-05-22,ETF BOVA11,153.74
2026-05-22,Ação PETR4,180.54
2026-05-22,Ação VALE3,146.42
2026-05-25,Tesouro Selic,109.62
2026-05-25,CDB Liquidez Diária,110.68
2026-05-25,LCI/LCA,109.69
2026-05-25,Fundo Multimercado,123.5
2026-05-25,Fundo de Ações,166.04
2026-05-25,ETF BOVA11,155.03
2026-05-25,Ação PETR4,184.81
2026-05-25,Ação VALE3,147.85
2026-05-26,Tesouro Selic,109.52
2026-05-26,CDB Liquidez Diária,110.61
2026-05-26,LCI/LCA,109.6
2026-05-26,Fundo Multimercado,123.25
2026-05-26,Fundo de Ações,166.41
2026-05-26,ETF BOVA11,155.37
2026-05-26,Ação PETR4,187.03
2026-05-26,Ação VALE3,147.84
2026-05-27,Tesouro Selic,109.6
2026-05-27,CDB Liquidez Diária,110.68
2026-05-27,LCI/LCA,109.7
2026-05-27,Fundo Multimercado,123.65
2026-05-27,Fundo de Ações,165.6
2026-05-27,ETF BOVA11,156.2
2026-05-27,Ação PETR4,186.76
2026-05-27,Ação VALE3,149.71
2026-05-28,Tesouro Selic,109.67
2026-05-28,CDB Liquidez Diária,110.83
2026-05-28,LCI/LCA,109.77
2026-05-28,Fundo Multimercado,123.68
2026-05-28,Fundo de Ações,165.31
2026-05-28,ETF BOVA11,155.61
2026-05-28,Ação PETR4,187.8
2026-05-28,Ação VALE3,146.61
2026-05-29,Tesouro Selic,109.64
2026-05-29,CDB Liquidez Diária,110.76
2026-05-29,LCI/LCA,109.79
2026-05-29,Fundo Multimercado,124.31
2026-05-29,Fundo de Ações,167.28
2026-05-29,ETF BOVA11,157.35
2026-05-29,Ação PETR4,190.44
2026-05-29,Ação VALE3,150.29
2026-06-01,Tesouro Selic,109.62
2026-06-01,CDB Liquidez Diária,110.75
2026-06-01,LCI/LCA,109.82
2026-06-01,Fundo Multimercado,124.47
2026-06-01,Fundo de Ações,168.33
2026-06-01,ETF BOVA11,159.2
2026-06-01,Ação PETR4,186.51
2026-06-01,Ação VALE3,151.92
2026-06-02,Tesouro Selic,109.62
2026-06-02,CDB Liquidez Diária,110.67
2026-06-02,LCI/LCA,109.83
2026-06-02,Fundo Multimercado,124.98
2026-06-02,Fundo de Ações,169.85
2026-06-02,ETF BOVA11,161.65
2026-06-02,Ação PETR4,193.52
2026-06-02,Ação VALE3,157.43
2026-06-03,Tesouro Selic,109.78
2026-06-03,CDB Liquidez Diária,110.87
2026-06-03,LCI/LCA,109.98
2026-06-03,Fundo Multimercado,124.58
2026-06-03,Fundo de Ações,167.57
2026-06-03,ETF BOVA11,158.75
2026-06-03,Ação PETR4,194.76
2026-06-03,Ação VALE3,155.46
2026-06-04,Tesouro Selic,109.84
2026-06-04,CDB Liquidez Diária,110.95
2026-06-04,LCI/LCA,110.03
2026-06-04,Fundo Multimercado,125.44
2026-06-04,Fundo de Ações,168.72
2026-06-04,ETF BOVA11,160.37
2026-06-04,Ação PETR4,195.18
2026-06-04,Ação VALE3,154.03
2026-06-05,Tesouro Selic,109.84
2026-06-05,CDB Liquidez Diária,110.95
2026-06-05,LCI/LCA,110.02
2026-06-05,Fundo Multimercado,125.11
2026-06-05,Fundo de Ações,165.11
2026-06-05,ETF BOVA11,157.7
2026-06-05,Ação PETR4,187.84
2026-06-05,Ação VALE3,152.17
2026-06-08,Tesouro Selic,109.89
2026-06-08,CDB Liquidez Diária,110.94
2026-06-08,LCI/LCA,110.05
2026-06-08,Fundo Multimercado,124.78
2026-06-08,Fundo de Ações,164.8
2026-06-08,ETF BOVA11,158.54
2026-06-08,Ação PETR4,184.49
2026-06-08,Ação VALE3,152.29
2026-06-09,Tesouro Selic,109.93
2026-06-09,CDB Liquidez Diária,111.0
2026-06-09,LCI/LCA,110.1
2026-06-09,Fundo Multimercado,124.51
2026-06-09,Fundo de Ações,163.34
2026-06-09,ETF BOVA11,156.52
2026-06-09,Ação PETR4,184.34
2026-06-09,Ação VALE3,150.99
2026-06-10,Tesouro Selic,110.1
2026-06-10,CDB Liquidez Diária,111.18
2026-06-10,LCI/LCA,110.22
2026-06-10,Fundo Multimercado,124.16
2026-06-10,Fundo de Ações,158.33
2026-06-10,ETF BOVA11,151.2
2026-06-10,Ação PETR4,177.82
2026-06-10,Ação VALE3,146.95
2026-06-11,Tesouro Selic,110.04
2026-06-11,CDB Liquidez Diária,111.16
2026-06-11,LCI/LCA,110.16
2026-06-11,Fundo Multimercado,124.11
2026-06-11,Fundo de Ações,161.37
2026-06-11,ETF BOVA11,154.03
2026-06-11,Ação PETR4,181.06
2026-06-11,Ação VALE3,148.06
2026-06-12,Tesouro Selic,109.94
2026-06-12,CDB Liquidez Diária,111.02
2026-06-12,LCI/LCA,110.07
2026-06-12,Fundo Multimercado,123.4
2026-06-12,Fundo de Ações,159.71
2026-06-12,ETF BOVA11,152.61
2026-06-12,Ação PETR4,178.79
2026-06-12,Ação VALE3,145.58
2026-06-15,Tesouro Selic,110.0
2026-06-15,CDB Liquidez Diária,111.1
2026-06-15,LCI/LCA,110.08
2026-06-15,Fundo Multimercado,124.12
2026-06-15,Fundo de Ações,161.38
2026-06-15,ETF BOVA11,154.25
2026-06-15,Ação PETR4,182.56
2026-06-15,Ação VALE3,147.81
2026-06-16,Tesouro Selic,110.11
2026-06-16,CDB Liquidez Diária,111.23
2026-06-16,LCI/LCA,110.16
2026-06-16,Fundo Multimercado,124.49
2026-06-16,Fundo de Ações,159.92
2026-06-16,ETF BOVA11,153.59
2026-06-16,Ação PETR4,181.52
2026-06-16,Ação VALE3,146.71
2026-06-17,Tesouro Selic,110.14
2026-06-17,CDB Liquidez Diária,111.18
2026-06-17,LCI/LCA,110.15
2026-06-17,Fundo Multimercado,124.5
2026-06-17,Fundo de Ações,160.33
2026-06-17,ETF BOVA11,152.89
2026-06-17,Ação PETR4,183.59
2026-06-17,Ação VALE3,145.17
2026-06-18,Tesouro Selic,110.26
2026-06-18,CDB Liquidez Diária,111.32
2026-06-18,LCI/LCA,110.23
2026-06-18,Fundo Multimercado,125.51
2026-06-18,Fundo de Ações,160.55
2026-06-18,ETF BOVA11,154.64
2026-06-18,Ação PETR4,188.11
2026-06-18,Ação VALE3,145.95
2026-06-19,Tesouro Selic,110.4
2026-06-19,CDB Liquidez Diária,111.45
2026-06-19,LCI/LCA,110.36
2026-06-19,Fundo Multimercado,125.88
2026-06-19,Fundo de Ações,160.88
2026-06-19,ETF BOVA11,155.79
2026-06-19,Ação PETR4,191.41
2026-06-19,Ação VALE3,144.23
2026-06-22,Tesouro Selic,110.54
2026-06-22,CDB Liquidez Diária,111.52
2026-06-22,LCI/LCA,110.5
2026-06-22,Fundo Multimercado,126.57
2026-06-22,Fundo de Ações,160.51
2026-06-22,ETF BOVA11,155.63
2026-06-22,Ação PETR4,188.48
2026-06-22,Ação VALE3,143.05
2026-06-23,Tesouro Selic,110.56
2026-06-23,CDB Liquidez Diária,111.58
2026-06-23,LCI/LCA,110.59
2026-06-23,Fundo Multimercado,127.25
2026-06-23,Fundo de Ações,161.35
2026-06-23,ETF BOVA11,156.54
2026-06-23,Ação PETR4,185.76
2026-06-23,Ação VALE3,141.58
2026-06-24,Tesouro Selic,110.67
2026-06-24,CDB Liquidez Diária,111.77
2026-06-24,LCI/LCA,110.65
2026-06-24,Fundo Multimercado,127.25
2026-06-24,Fundo de Ações,160.77
2026-06-24,ETF BOVA11,156.25
2026-06-24,Ação PETR4,183.4
2026-06-24,Ação VALE3,141.66
2026-06-25,Tesouro Selic,110.69
2026-06-25,CDB Liquidez Diária,111.78
2026-06-25,LCI/LCA,110.69
2026-06-25,Fundo Multimercado,127.25
2026-06-25,Fundo de Ações,160.04
2026-06-25,ETF BOVA11,155.67
2026-06-25,Ação PETR4,182.44
2026-06-25,Ação VALE3,140.47
2026-06-26,Tesouro Selic,110.72
2026-06-26,CDB Liquidez Diária,111.88
2026-06-26,LCI/LCA,110.76
2026-06-26,Fundo Multimercado,127.21
2026-06-26,Fundo de Ações,161.08
2026-06-26,ETF BOVA11,155.92
2026-06-26,Ação PETR4,185.48
2026-06-26,Ação VALE3,141.91
2026-06-29,Tesouro Selic,110.75
2026-06-29,CDB Liquidez Diária,111.94
2026-06-29,LCI/LCA,110.74
2026-06-29,Fundo Multimercado,126.76
2026-06-29,Fundo de Ações,157.51
2026-06-29,ETF BOVA11,153.31
2026-06-29,Ação PETR4,185.94
2026-06-29,Ação VALE3,144.25
2026-06-30,Tesouro Selic,110.84
2026-06-30,CDB Liquidez Diária,112.05
2026-06-30,LCI/LCA,110.75
2026-06-30,Fundo Multimercado,126.69
2026-06-30,Fundo de Ações,155.55
2026-06-30,ETF BOVA11,151.24
2026-06-30,Ação PETR4,182.72
2026-06-30,Ação VALE3,141.42
2026-07-01,Tesouro Selic,110.75
2026-07-01,CDB Liquidez Diária,111.99
2026-07-01,LCI/LCA,110.64
2026-07-01,Fundo Multimercado,126.61
2026-07-01,Fundo de Ações,159.4
2026-07-01,ETF BOVA11,152.92
2026-07-01,Ação PETR4,179.52
2026-07-01,Ação VALE3,141.45
2026-07-02,Tesouro Selic,110.88
2026-07-02,CDB Liquidez Diária,112.21
2026-07-02,LCI/LCA,110.72
2026-07-02,Fundo Multimercado,127.14
2026-07-02,Fundo de Ações,159.41
2026-07-02,ETF BOVA11,153.06
2026-07-02,Ação PETR4,185.55
2026-07-02,Ação VALE3,140.16
2026-07-03,Tesouro Selic,110.94
2026-07-03,CDB Liquidez Diária,112.29
2026-07-03,LCI/LCA,110.82
2026-07-03,Fundo Multimercado,127.3
2026-07-03,Fundo de Ações,160.27
2026-07-03,ETF BOVA11,153.3
2026-07-03,Ação PETR4,186.51
2026-07-03,Ação VALE3,139.91
2026-07-06,Tesouro Selic,111.03
2026-07-06,CDB Liquidez Diária,112.37
2026-07-06,LCI/LCA,110.91
2026-07-06,Fundo Multimercado,127.42
2026-07-06,Fundo de Ações,162.46
2026-07-06,ETF BOVA11,154.67
2026-07-06,Ação PETR4,184.27
2026-07-06,Ação VALE3,142.49
2026-07-07,Tesouro Selic,111.01
2026-07-07,CDB Liquidez Diária,112.32
2026-07-07,LCI/LCA,110.88
2026-07-07,Fundo Multimercado,127.96
2026-07-07,Fundo de Ações,160.18
2026-07-07,ETF BOVA11,156.8
2026-07-07,Ação PETR4,189.34
2026-07-07,Ação VALE3,145.19
2026-07-08,Tesouro Selic,111.05
2026-07-08,CDB Liquidez Diária,112.38
2026-07-08,LCI/LCA,110.94
2026-07-08,Fundo Multimercado,128.32
2026-07-08,Fundo de Ações,162.12
2026-07-08,ETF BOVA11,158.43
2026-07-08,Ação PETR4,191.12
2026-07-08,Ação VALE3,146.31
2026-07-09,Tesouro Selic,111.09
2026-07-09,CDB Liquidez Diária,112.46
2026-07-09,LCI/LCA,111.01
2026-07-09,Fundo Multimercado,127.05
2026-07-09,Fundo de Ações,159.75
2026-07-09,ETF BOVA11,155.92
2026-07-09,Ação PETR4,187.6
2026-07-09,Ação VALE3,143.48
2026-07-10,Tesouro Selic,111.21
2026-07-10,CDB Liquidez Diária,112.64
2026-07-10,LCI/LCA,111.09
2026-07-10,Fundo Multimercado,127.5
2026-07-10,Fundo de Ações,158.71
2026-07-10,ETF BOVA11,154.08
2026-07-10,Ação PETR4,183.64
2026-07-10,Ação VALE3,142.93
2026-07-13,Tesouro Selic,111.33
2026-07-13,CDB Liquidez Diária,112.78
2026-07-13,LCI/LCA,111.23
2026-07-13,Fundo Multimercado,127.96
2026-07-13,Fundo de Ações,158.42
2026-07-13,ETF BOVA11,154.56
2026-07-13,Ação PETR4,186.0
2026-07-13,Ação VALE3,144.96
2026-07-14,Tesouro Selic,111.46
2026-07-14,CDB Liquidez Diária,112.94
2026-07-14,LCI/LCA,111.36
2026-07-14,Fundo Multimercado,128.71
2026-07-14,Fundo de Ações,159.95
2026-07-14,ETF BOVA11,155.17
2026-07-14,Ação PETR4,186.44
2026-07-14,Ação VALE3,144.04
2026-07-15,Tesouro Selic,111.45
2026-07-15,CDB Liquidez Diária,112.93
2026-07-15,LCI/LCA,111.33
2026-07-15,Fundo Multimercado,128.53
2026-07-15,Fundo de Ações,156.09
2026-07-15,ETF BOVA11,152.74
2026-07-15,Ação PETR4,183.12
2026-07-15,Ação VALE3,140.37
2026-07-16,Tesouro Selic,111.55
2026-07-16,CDB Liquidez Diária,113.07
2026-07-16,LCI/LCA,111.35
2026-07-16,Fundo Multimercado,128.38
2026-07-16,Fundo de Ações,153.94
2026-07-16,ETF BOVA11,150.15
2026-07-16,Ação PETR4,181.52
2026-07-16,Ação VALE3,138.08
